lambda,val_auc,spars_fc1,spars_fc1_bias,spars_fc2,spars_fc2_bias
1e-06,1.0,0.0,0.0,0.0,0.0
3e-06,1.0,0.0,0.0,0.0,0.0
1e-05,1.0,0.0,0.0,0.0,0.0
3e-05,1.0,0.046875,0.015625,0.109375,0.0
0.0001,1.0,0.0234375,0.0,0.0,0.0
0.0003,0.9772000000000001,0.0,0.0,0.0,0.0
