Model,Params,Acc_noise0.1,Acc_noise0.2,Acc_noise0.3,AUROC_noise0.1,AUROC_noise0.2,AUROC_noise0.3
MLP (early stop),257,0.998,0.964,0.91,0.999952,0.99288,0.9788
MLP (L1 λ=1e-06),257,0.998,0.964,0.914,0.999952,0.9928,0.979104
MLP (L2 wd=0.0),257,0.994,0.966,0.906,0.999952,0.993136,0.978848
LogReg poly2,6,0.892,0.87,0.856,0.97056,0.947456,0.943664

