Model,Params,Acc_noise0.1,Acc_noise0.2,Acc_noise0.3,AUROC_noise0.1,AUROC_noise0.2,AUROC_noise0.3
MLP (early stop),257,0.998,0.964,0.91,0.999952,0.99288,0.9788
MLP (L1 λ=3e-05),257,0.998,0.964,0.912,0.999952,0.9930080000000001,0.978624
MLP (L2 wd=0.0),257,0.998,0.964,0.912,0.999952,0.9928160000000001,0.9788800000000001
LogReg poly2,6,0.892,0.87,0.856,0.97056,0.947456,0.943664
